graph_id,src,dst
0,21,22
0,22,21
1,20,11
1,21,22
1,22,21
1,11,20
2,21,22
2,22,21
3,21,22
3,22,21
4,21,22
4,22,21
5,20,11
5,21,22
5,22,21
5,11,20
6,21,22
6,22,21
7,20,11
7,21,22
7,22,21
7,11,20
8,21,22
8,22,21
9,20,11
9,21,22
9,22,21
9,9,25
9,11,20
9,25,9
10,20,11
10,21,22
10,22,21
10,11,20
11,20,11
11,21,22
11,22,21
11,23,25
11,11,20
11,25,23
12,21,22
12,22,21
13,20,11
13,21,22
13,22,21
13,11,20
14,20,11
14,21,22
14,22,21
14,11,20
15,21,22
15,22,21
16,21,22
16,22,21
17,21,22
17,22,21
18,21,22
18,22,21
19,21,22
19,22,21
20,21,22
20,22,21
20,14,25
20,25,14
21,21,22
21,22,21
21,14,25
21,25,14
22,21,22
22,22,21
23,21,22
23,22,21
24,21,22
24,22,21
25,21,22
25,22,21
26,21,22
26,22,21
27,21,22
27,22,21
27,14,25
27,25,14
28,21,22
28,22,21
28,14,25
28,25,14
29,21,22
29,22,21
30,12,13
30,13,12
30,13,14
30,14,13
30,14,15
30,15,14
30,15,16
30,16,15
30,17,18
30,18,17
31,12,13
31,13,12
31,13,14
31,14,13
31,14,15
31,15,14
31,15,16
31,16,15
31,17,18
31,18,17
31,19,5
31,5,19
32,12,13
32,13,12
32,13,14
32,14,13
32,14,15
32,15,14
32,15,16
32,16,15
32,17,18
32,18,17
33,12,13
33,13,12
33,13,14
33,14,13
33,14,15
33,15,14
33,15,16
33,16,15
33,17,18
33,18,17
34,12,13
34,13,12
34,13,14
34,14,13
34,14,15
34,15,14
34,15,16
34,16,15
34,17,18
34,18,17
35,12,13
35,13,12
35,13,14
35,14,13
35,14,15
35,15,14
35,15,16
35,16,15
35,17,18
35,18,17
35,19,5
35,5,19
36,12,13
36,13,12
36,13,14
36,14,13
36,14,15
36,15,14
36,15,16
36,16,15
36,17,18
36,18,17
37,12,13
37,13,12
37,13,14
37,14,13
37,14,15
37,15,14
37,15,16
37,16,15
37,17,18
37,18,17
37,19,5
37,5,19
38,12,13
38,13,12
38,13,14
38,14,13
38,14,15
38,15,14
38,15,16
38,16,15
38,17,18
38,18,17
39,12,13
39,13,12
39,13,14
39,14,13
39,14,15
39,15,14
39,15,16
39,16,15
39,17,18
39,18,17
39,19,5
39,5,19
40,12,13
40,13,12
40,13,14
40,14,13
40,14,15
40,15,14
40,15,16
40,16,15
40,17,18
40,18,17
40,19,5
40,5,19
41,12,13
41,13,12
41,13,14
41,14,13
41,14,15
41,15,14
41,15,16
41,16,15
41,17,18
41,18,17
41,19,5
41,22,24
41,5,19
41,24,22
42,12,13
42,13,12
42,13,14
42,14,13
42,14,15
42,15,14
42,15,16
42,16,15
42,17,18
42,18,17
43,12,13
43,13,12
43,13,14
43,14,13
43,14,15
43,15,14
43,15,16
43,16,15
43,17,18
43,18,17
43,19,5
43,5,19
44,12,13
44,13,12
44,13,14
44,14,13
44,14,15
44,15,14
44,15,16
44,16,15
44,17,18
44,18,17
44,19,5
44,5,19
45,12,13
45,13,12
45,13,14
45,14,13
45,14,15
45,15,14
45,15,16
45,16,15
45,17,18
45,18,17
46,12,13
46,13,12
46,13,14
46,14,13
46,14,15
46,15,14
46,15,16
46,16,15
46,17,18
46,18,17
47,12,13
47,13,12
47,13,14
47,14,13
47,14,15
47,15,14
47,15,16
47,16,15
47,17,18
47,18,17
48,12,13
48,13,12
48,13,14
48,14,13
48,14,15
48,15,14
48,15,16
48,16,15
48,17,18
48,18,17
49,12,13
49,13,12
49,13,14
49,14,13
49,14,15
49,15,14
49,15,16
49,16,15
49,17,18
49,18,17
50,12,13
50,13,12
50,13,14
50,14,13
50,14,15
50,15,14
50,15,16
50,16,15
50,17,18
50,18,17
50,8,24
50,24,8
51,12,13
51,13,12
51,13,14
51,14,13
51,14,15
51,15,14
51,15,16
51,16,15
51,17,18
51,18,17
51,8,24
51,24,8
52,12,13
52,13,12
52,13,14
52,14,13
52,14,15
52,15,14
52,15,16
52,16,15
52,17,18
52,18,17
53,12,13
53,13,12
53,13,14
53,14,13
53,14,15
53,15,14
53,15,16
53,16,15
53,17,18
53,18,17
54,12,13
54,13,12
54,13,14
54,14,13
54,14,15
54,15,14
54,15,16
54,16,15
54,17,18
54,18,17
55,12,13
55,13,12
55,13,14
55,14,13
55,14,15
55,15,14
55,15,16
55,16,15
55,17,18
55,18,17
56,12,13
56,13,12
56,13,14
56,14,13
56,14,15
56,15,14
56,15,16
56,16,15
56,17,18
56,18,17
57,12,13
57,13,12
57,13,14
57,14,13
57,14,15
57,15,14
57,15,16
57,16,15
57,17,18
57,18,17
57,8,24
57,24,8
58,12,13
58,13,12
58,13,14
58,14,13
58,14,15
58,15,14
58,15,16
58,16,15
58,17,18
58,18,17
58,8,24
58,24,8
59,12,13
59,13,12
59,13,14
59,14,13
59,14,15
59,15,14
59,15,16
59,16,15
59,17,18
59,18,17
60,21,22
60,22,21
61,21,22
61,22,21
62,21,22
62,22,21
63,21,22
63,22,21
64,21,22
64,22,21
65,21,22
65,22,21
66,21,22
66,22,21
67,21,22
67,22,21
68,21,22
68,22,21
69,21,22
69,22,21
70,21,22
70,22,21
71,21,22
71,22,21
72,21,22
72,22,21
73,21,22
73,22,21
74,21,22
74,22,21
75,21,22
75,22,21
76,21,22
76,22,21
76,5,25
76,25,5
77,21,22
77,22,21
78,21,22
78,22,21
79,21,22
79,22,21
80,21,22
80,22,21
81,21,22
81,22,21
82,21,22
82,22,21
83,21,22
83,22,21
84,21,22
84,22,21
85,21,22
85,22,21
86,21,22
86,22,21
87,21,22
87,22,21
88,21,22
88,22,21
89,21,22
89,22,21
90,21,22
90,22,21
91,21,22
91,22,21
91,7,25
91,25,7
92,21,22
92,22,21
93,21,22
93,22,21
94,21,22
94,22,21
95,21,22
95,22,21
96,21,22
96,22,21
97,21,22
97,22,21
97,5,25
97,25,5
98,21,22
98,22,21
99,21,22
99,22,21
99,5,25
99,25,5
100,21,22
100,22,21
101,21,22
101,22,21
102,16,15
102,5,17
102,14,21
102,14,23
102,15,16
102,21,14
102,23,14
102,17,5
103,16,15
103,5,17
103,14,21
103,14,23
103,15,16
103,21,14
103,23,14
103,17,5
104,16,15
104,5,17
104,14,21
104,14,23
104,15,16
104,21,14
104,23,14
104,17,5
105,16,15
105,5,17
105,14,21
105,14,23
105,15,16
105,21,14
105,23,14
105,17,5
106,16,15
106,5,17
106,14,21
106,14,23
106,15,16
106,21,14
106,23,14
106,17,5
107,16,15
107,5,17
107,14,21
107,14,23
107,15,16
107,21,14
107,23,14
107,17,5
108,16,15
108,5,17
108,14,21
108,14,23
108,15,16
108,21,14
108,23,14
108,17,5
109,16,15
109,5,17
109,14,21
109,14,23
109,15,16
109,21,14
109,23,14
109,17,5
110,16,15
110,5,17
110,14,21
110,14,23
110,15,16
110,21,14
110,23,14
110,17,5
111,16,15
111,5,17
111,14,21
111,14,23
111,15,16
111,21,14
111,23,14
111,17,5
112,16,15
112,5,17
112,14,21
112,14,23
112,15,16
112,21,14
112,23,14
112,17,5
113,16,15
113,5,17
113,14,21
113,14,23
113,15,16
113,21,14
113,23,14
113,23,25
113,17,5
113,25,23
114,16,15
114,5,17
114,14,21
114,14,23
114,15,16
114,21,14
114,23,14
114,17,5
115,16,15
115,5,17
115,14,21
115,14,23
115,15,16
115,21,14
115,23,14
115,17,5
116,16,15
116,5,17
116,14,21
116,14,23
116,15,16
116,21,14
116,23,14
116,17,5
117,16,15
117,5,17
117,14,21
117,14,23
117,15,16
117,21,14
117,23,14
117,17,5
118,12,13
118,13,12
118,13,14
118,14,13
118,14,15
118,15,14
118,15,16
118,16,15
118,17,18
118,18,17
119,12,13
119,13,12
119,13,14
119,14,13
119,14,15
119,15,14
119,15,16
119,16,15
119,17,18
119,18,17
120,12,13
120,13,12
120,13,14
120,14,13
120,14,15
120,15,14
120,15,16
120,16,15
120,17,18
120,18,17
121,12,13
121,13,12
121,13,14
121,14,13
121,14,15
121,15,14
121,15,16
121,16,15
121,17,18
121,18,17
122,12,13
122,13,12
122,13,14
122,14,13
122,14,15
122,15,14
122,15,16
122,16,15
122,17,18
122,18,17
123,12,13
123,13,12
123,13,14
123,14,13
123,14,15
123,15,14
123,15,16
123,16,15
123,17,18
123,18,17
124,12,13
124,13,12
124,13,14
124,14,13
124,14,15
124,15,14
124,15,16
124,16,15
124,17,18
124,18,17
125,12,13
125,13,12
125,13,14
125,14,13
125,14,15
125,15,14
125,15,16
125,16,15
125,17,18
125,18,17
126,12,13
126,13,12
126,13,14
126,14,13
126,14,15
126,15,14
126,15,16
126,16,15
126,17,18
126,18,17
127,12,13
127,13,12
127,13,14
127,14,13
127,14,15
127,15,14
127,15,16
127,16,15
127,17,18
127,18,17
128,12,13
128,13,12
128,13,14
128,14,13
128,14,15
128,15,14
128,15,16
128,16,15
128,17,18
128,18,17
129,12,13
129,13,12
129,13,14
129,14,13
129,14,15
129,15,14
129,15,16
129,16,15
129,17,18
129,18,17
130,12,13
130,13,12
130,13,14
130,14,13
130,14,15
130,15,14
130,15,16
130,16,15
130,17,18
130,18,17
131,12,13
131,13,12
131,13,14
131,14,13
131,14,15
131,15,14
131,15,16
131,16,15
131,17,18
131,18,17
132,12,13
132,13,12
132,13,14
132,14,13
132,14,15
132,15,14
132,15,16
132,16,15
132,17,18
132,18,17
133,12,13
133,13,12
133,13,14
133,14,13
133,14,15
133,15,14
133,15,16
133,16,15
133,17,18
133,18,17
134,12,13
134,13,12
134,13,14
134,14,13
134,14,15
134,15,14
134,15,16
134,16,15
134,17,18
134,18,17
134,2,24
134,24,2
135,12,13
135,13,12
135,13,14
135,14,13
135,14,15
135,15,14
135,15,16
135,16,15
135,17,18
135,18,17
136,12,13
136,13,12
136,13,14
136,14,13
136,14,15
136,15,14
136,15,16
136,16,15
136,17,18
136,18,17
137,12,13
137,13,12
137,13,14
137,14,13
137,14,15
137,15,14
137,15,16
137,16,15
137,17,18
137,18,17
138,12,13
138,13,12
138,13,14
138,14,13
138,14,15
138,15,14
138,15,16
138,16,15
138,17,18
138,18,17
139,12,13
139,13,12
139,13,14
139,14,13
139,14,15
139,15,14
139,15,16
139,16,15
139,17,18
139,18,17
140,12,13
140,13,12
140,13,14
140,14,13
140,14,15
140,15,14
140,15,16
140,16,15
140,17,18
140,18,17
141,12,13
141,13,12
141,13,14
141,14,13
141,14,15
141,15,14
141,15,16
141,16,15
141,17,18
141,18,17
142,12,13
142,13,12
142,13,14
142,14,13
142,14,15
142,15,14
142,15,16
142,16,15
142,17,18
142,18,17
143,12,13
143,13,12
143,13,14
143,14,13
143,14,15
143,15,14
143,15,16
143,16,15
143,17,18
143,18,17
144,12,13
144,13,12
144,13,14
144,14,13
144,14,15
144,15,14
144,15,16
144,16,15
144,17,18
144,18,17
145,12,13
145,13,12
145,13,14
145,14,13
145,14,15
145,15,14
145,15,16
145,16,15
145,17,18
145,18,17
146,12,13
146,13,12
146,13,14
146,14,13
146,14,15
146,15,14
146,15,16
146,16,15
146,17,18
146,18,17
147,12,13
147,13,12
147,13,14
147,14,13
147,14,15
147,15,14
147,15,16
147,16,15
147,17,18
147,18,17
148,12,13
148,13,12
148,13,14
148,14,13
148,14,15
148,15,14
148,15,16
148,16,15
148,17,18
148,18,17
149,12,13
149,13,12
149,13,14
149,14,13
149,14,15
149,15,14
149,15,16
149,16,15
149,17,18
149,18,17
150,12,13
150,13,12
150,13,14
150,14,13
150,14,15
150,15,14
150,15,16
150,16,15
150,17,18
150,18,17
151,12,13
151,13,12
151,13,14
151,14,13
151,14,15
151,15,14
151,15,16
151,16,15
151,17,18
151,18,17
152,12,13
152,13,12
152,13,14
152,14,13
152,14,15
152,15,14
152,15,16
152,16,15
152,17,18
152,18,17
153,12,13
153,13,12
153,13,14
153,14,13
153,14,15
153,15,14
153,15,16
153,16,15
153,17,18
153,18,17
154,12,13
154,13,12
154,13,14
154,14,13
154,14,15
154,15,14
154,15,16
154,16,15
154,17,18
154,18,17
155,12,13
155,13,12
155,13,14
155,14,13
155,14,15
155,15,14
155,15,16
155,16,15
155,17,18
155,18,17
155,2,24
155,24,2
156,12,13
156,13,12
156,13,14
156,14,13
156,14,15
156,15,14
156,15,16
156,16,15
156,17,18
156,18,17
157,12,13
157,13,12
157,13,14
157,14,13
157,14,15
157,15,14
157,15,16
157,16,15
157,17,18
157,18,17
157,2,24
157,24,2
158,12,13
158,13,12
158,13,14
158,14,13
158,14,15
158,15,14
158,15,16
158,16,15
158,17,18
158,18,17
159,12,13
159,13,12
159,13,14
159,14,13
159,14,15
159,15,14
159,15,16
159,16,15
159,17,18
159,18,17
160,15,14
160,15,4
160,5,17
160,13,21
160,13,23
160,14,15
160,21,13
160,23,13
160,17,5
160,4,15
161,15,14
161,15,4
161,5,17
161,13,21
161,13,23
161,14,15
161,21,13
161,23,13
161,17,5
161,4,15
162,15,14
162,5,17
162,13,21
162,13,23
162,14,15
162,21,13
162,23,13
162,17,5
163,15,14
163,5,17
163,13,21
163,13,23
163,14,15
163,21,13
163,23,13
163,17,5
164,15,14
164,15,4
164,5,17
164,13,21
164,13,23
164,14,15
164,21,13
164,23,13
164,17,5
164,12,25
164,4,15
164,25,12
165,15,14
165,15,4
165,5,17
165,13,21
165,13,23
165,14,15
165,21,13
165,23,13
165,17,5
165,12,25
165,4,15
165,25,12
166,15,14
166,15,4
166,5,17
166,13,21
166,13,23
166,14,15
166,21,13
166,23,13
166,17,5
166,4,15
167,15,14
167,5,17
167,13,21
167,13,23
167,14,15
167,21,13
167,23,13
167,17,5
168,15,14
168,15,4
168,5,17
168,13,21
168,13,23
168,14,15
168,21,13
168,23,13
168,17,5
168,4,15
169,15,14
169,5,17
169,13,21
169,13,23
169,14,15
169,21,13
169,23,13
169,17,5
170,15,14
170,5,17
170,13,21
170,13,23
170,14,15
170,21,13
170,23,13
170,17,5
171,15,14
171,15,4
171,5,17
171,13,21
171,13,23
171,14,15
171,21,13
171,23,13
171,17,5
171,12,25
171,4,15
171,25,12
172,15,14
172,5,17
172,13,21
172,13,23
172,14,15
172,21,13
172,23,13
172,17,5
172,12,25
172,25,12
173,15,14
173,5,17
173,13,21
173,13,23
173,14,15
173,21,13
173,23,13
173,17,5
174,14,15
174,15,14
174,15,16
174,16,15
174,16,17
174,17,16
174,17,18
174,18,17
174,19,20
174,20,19
175,14,15
175,15,14
175,15,16
175,16,15
175,16,17
175,17,16
175,17,18
175,18,17
175,19,20
175,20,19
175,21,6
175,6,21
176,14,15
176,15,14
176,15,16
176,16,15
176,16,17
176,17,16
176,17,18
176,18,17
176,19,20
176,20,19
177,14,15
177,15,14
177,15,16
177,16,15
177,16,17
177,17,16
177,17,18
177,18,17
177,19,20
177,20,19
178,14,15
178,15,14
178,15,16
178,16,15
178,16,17
178,17,16
178,17,18
178,18,17
178,19,20
178,20,19
179,14,15
179,15,14
179,15,16
179,16,15
179,16,17
179,17,16
179,17,18
179,18,17
179,19,20
179,20,19
179,21,6
179,6,21
180,14,15
180,15,14
180,15,16
180,16,15
180,16,17
180,17,16
180,17,18
180,18,17
180,19,20
180,20,19
181,14,15
181,15,14
181,15,16
181,16,15
181,16,17
181,17,16
181,17,18
181,18,17
181,19,20
181,20,19
181,21,6
181,6,21
182,14,15
182,15,14
182,15,16
182,16,15
182,16,17
182,17,16
182,17,18
182,18,17
182,19,20
182,20,19
183,14,15
183,15,14
183,15,16
183,16,15
183,16,17
183,17,16
183,17,18
183,18,17
183,19,20
183,20,19
183,21,6
183,6,21
184,14,15
184,15,14
184,15,16
184,16,15
184,16,17
184,17,16
184,17,18
184,18,17
184,19,20
184,20,19
184,21,6
184,6,21
185,14,15
185,15,14
185,15,16
185,16,15
185,16,17
185,17,16
185,17,18
185,18,17
185,19,20
185,20,19
185,21,6
185,6,21
186,14,15
186,15,14
186,15,16
186,16,15
186,16,17
186,17,16
186,17,18
186,18,17
186,19,20
186,20,19
187,14,15
187,15,14
187,15,16
187,16,15
187,16,17
187,17,16
187,17,18
187,18,17
187,19,20
187,20,19
187,21,6
187,6,21
188,14,15
188,15,14
188,15,16
188,16,15
188,16,17
188,17,16
188,17,18
188,18,17
188,19,20
188,20,19
188,21,6
188,6,21
189,14,15
189,15,14
189,15,16
189,16,15
189,16,17
189,17,16
189,17,18
189,18,17
189,19,20
189,20,19
190,23,24
190,24,23
191,20,10
191,23,24
191,24,23
191,10,20
192,23,24
192,24,23
193,23,24
193,24,23
194,23,24
194,24,23
195,20,10
195,23,24
195,24,23
195,10,20
196,23,24
196,24,23
197,20,10
197,23,24
197,24,23
197,10,20
198,23,24
198,24,23
199,20,10
199,23,24
199,24,23
199,10,20
200,20,10
200,23,24
200,24,23
200,10,20
201,20,10
201,23,24
201,24,23
201,10,20
202,23,24
202,24,23
203,20,10
203,23,24
203,24,23
203,10,20
204,20,10
204,23,24
204,24,23
204,10,20
205,23,24
205,24,23
206,15,16
206,16,15
206,20,21
206,21,20
207,15,16
207,16,15
207,19,8
207,20,21
207,21,20
207,8,19
208,15,16
208,16,15
208,20,21
208,21,20
209,15,16
209,16,15
209,20,21
209,21,20
210,15,16
210,16,15
210,20,21
210,21,20
211,15,16
211,16,15
211,19,8
211,20,21
211,21,20
211,8,19
212,15,16
212,16,15
212,20,21
212,21,20
213,15,16
213,16,15
213,19,8
213,20,21
213,21,20
213,8,19
214,15,16
214,16,15
214,20,21
214,21,20
215,15,16
215,16,15
215,19,8
215,20,21
215,21,20
215,6,24
215,8,19
215,24,6
216,15,16
216,16,15
216,19,8
216,20,21
216,21,20
216,8,19
217,15,16
217,16,15
217,19,8
217,20,21
217,21,20
217,22,24
217,8,19
217,24,22
218,15,16
218,16,15
218,20,21
218,21,20
219,15,16
219,16,15
219,19,8
219,20,21
219,21,20
219,8,19
220,15,16
220,16,15
220,19,8
220,20,21
220,21,20
220,8,19
221,15,16
221,16,15
221,20,21
221,21,20
222,14,15
222,15,14
222,15,16
222,16,15
222,16,17
222,17,16
222,17,18
222,18,17
222,19,20
222,20,19
223,14,15
223,15,14
223,15,16
223,16,15
223,16,17
223,17,16
223,17,18
223,18,17
223,19,20
223,20,19
224,14,15
224,15,14
224,15,16
224,16,15
224,16,17
224,17,16
224,17,18
224,18,17
224,19,20
224,20,19
225,14,15
225,15,14
225,15,16
225,16,15
225,16,17
225,17,16
225,17,18
225,18,17
225,19,20
225,20,19
226,14,15
226,15,14
226,15,16
226,16,15
226,16,17
226,17,16
226,17,18
226,18,17
226,19,20
226,20,19
226,9,24
226,24,9
227,14,15
227,15,14
227,15,16
227,16,15
227,16,17
227,17,16
227,17,18
227,18,17
227,19,20
227,20,19
227,9,24
227,24,9
228,14,15
228,15,14
228,15,16
228,16,15
228,16,17
228,17,16
228,17,18
228,18,17
228,19,20
228,20,19
229,14,15
229,15,14
229,15,16
229,16,15
229,16,17
229,17,16
229,17,18
229,18,17
229,19,20
229,20,19
230,14,15
230,15,14
230,15,16
230,16,15
230,16,17
230,17,16
230,17,18
230,18,17
230,19,20
230,20,19
231,14,15
231,15,14
231,15,16
231,16,15
231,16,17
231,17,16
231,17,18
231,18,17
231,19,20
231,20,19
232,14,15
232,15,14
232,15,16
232,16,15
232,16,17
232,17,16
232,17,18
232,18,17
232,19,20
232,20,19
233,14,15
233,15,14
233,15,16
233,16,15
233,16,17
233,17,16
233,17,18
233,18,17
233,19,20
233,20,19
233,9,24
233,24,9
234,14,15
234,15,14
234,15,16
234,16,15
234,16,17
234,17,16
234,17,18
234,18,17
234,19,20
234,20,19
234,9,24
234,24,9
235,14,15
235,15,14
235,15,16
235,16,15
235,16,17
235,17,16
235,17,18
235,18,17
235,19,20
235,20,19
236,23,24
236,24,23
237,23,24
237,24,23
238,23,24
238,24,23
239,23,24
239,24,23
240,23,24
240,24,23
240,13,26
240,26,13
241,23,24
241,24,23
241,13,26
241,26,13
242,23,24
242,24,23
243,23,24
243,24,23
244,23,24
244,24,23
245,23,24
245,24,23
246,23,24
246,24,23
247,23,24
247,24,23
247,13,26
247,26,13
248,23,24
248,24,23
248,13,26
248,26,13
249,23,24
249,24,23
250,15,16
250,16,15
250,20,21
250,21,20
251,15,16
251,16,15
251,20,21
251,21,20
252,15,16
252,16,15
252,20,21
252,21,20
253,15,16
253,16,15
253,20,21
253,21,20
254,15,16
254,16,15
254,20,21
254,21,20
254,11,24
254,24,11
255,15,16
255,16,15
255,20,21
255,21,20
255,11,24
255,24,11
256,15,16
256,16,15
256,20,21
256,21,20
257,15,16
257,16,15
257,20,21
257,21,20
258,15,16
258,16,15
258,20,21
258,21,20
259,15,16
259,16,15
259,20,21
259,21,20
260,15,16
260,16,15
260,20,21
260,21,20
261,15,16
261,16,15
261,20,21
261,21,20
261,11,24
261,24,11
262,15,16
262,16,15
262,20,21
262,21,20
262,11,24
262,24,11
263,15,16
263,16,15
263,20,21
263,21,20
264,6,16
264,5,21
264,21,5
264,23,24
264,24,23
264,16,6
265,6,16
265,5,21
265,21,5
265,23,24
265,24,23
265,16,6
266,6,16
266,5,21
266,21,5
266,23,24
266,24,23
266,16,6
267,6,16
267,5,21
267,21,5
267,23,24
267,24,23
267,16,6
268,6,16
268,5,21
268,21,5
268,23,24
268,24,23
268,16,6
269,6,16
269,5,21
269,21,5
269,23,24
269,24,23
269,16,6
270,6,16
270,5,21
270,21,5
270,23,24
270,24,23
270,16,6
271,6,16
271,5,21
271,21,5
271,23,24
271,24,23
271,16,6
272,6,16
272,5,21
272,21,5
272,23,24
272,24,23
272,16,6
273,6,16
273,5,21
273,21,5
273,23,24
273,24,23
273,16,6
274,6,16
274,5,21
274,21,5
274,23,24
274,24,23
274,16,6
275,6,16
275,5,21
275,21,5
275,23,24
275,24,23
275,16,6
276,6,16
276,5,21
276,21,5
276,23,24
276,24,23
276,16,6
277,6,16
277,5,21
277,21,5
277,23,24
277,24,23
277,16,6
278,6,16
278,5,21
278,21,5
278,23,24
278,24,23
278,16,6
279,6,16
279,5,21
279,21,5
279,23,24
279,24,23
279,16,6
280,16,15
280,5,17
280,14,21
280,14,23
280,15,16
280,15,13
280,21,14
280,23,14
280,17,5
280,13,15
281,16,15
281,5,17
281,14,21
281,14,23
281,15,16
281,15,13
281,21,14
281,23,14
281,17,5
281,13,15
282,16,15
282,5,17
282,14,21
282,14,23
282,15,16
282,15,13
282,21,14
282,23,14
282,17,5
282,13,15
283,16,15
283,5,17
283,14,21
283,14,23
283,15,16
283,15,13
283,21,14
283,23,14
283,17,5
283,13,15
284,16,15
284,5,17
284,14,21
284,14,23
284,15,16
284,15,13
284,21,14
284,23,14
284,17,5
284,13,15
285,16,15
285,5,17
285,14,21
285,14,23
285,15,16
285,15,13
285,21,14
285,23,14
285,17,5
285,13,15
286,16,15
286,5,17
286,14,21
286,14,23
286,15,16
286,15,13
286,21,14
286,23,14
286,17,5
286,13,15
287,16,15
287,5,17
287,14,21
287,14,23
287,15,16
287,15,13
287,21,14
287,23,14
287,17,5
287,13,15
288,16,15
288,5,17
288,14,21
288,14,23
288,15,16
288,15,13
288,21,14
288,23,14
288,17,5
288,13,15
289,16,15
289,5,17
289,14,21
289,14,23
289,15,16
289,15,13
289,21,14
289,23,14
289,17,5
289,13,15
290,16,15
290,5,17
290,14,21
290,14,23
290,15,16
290,15,13
290,21,14
290,23,14
290,17,5
290,13,15
291,16,15
291,5,17
291,14,21
291,14,23
291,15,16
291,15,13
291,21,14
291,23,14
291,17,5
291,13,15
292,16,15
292,5,17
292,14,21
292,14,23
292,15,16
292,15,13
292,21,14
292,23,14
292,17,5
292,13,15
293,16,15
293,5,17
293,14,21
293,14,23
293,15,16
293,15,13
293,21,14
293,23,14
293,17,5
293,13,15
294,16,15
294,5,17
294,14,21
294,14,23
294,15,16
294,15,13
294,21,14
294,23,14
294,17,5
294,13,15
295,15,14
295,6,17
295,13,21
295,13,23
295,14,15
295,21,13
295,23,13
295,17,6
296,15,14
296,6,17
296,13,21
296,13,23
296,14,15
296,21,13
296,23,13
296,17,6
296,2,25
296,25,2
297,15,14
297,6,17
297,13,21
297,13,23
297,14,15
297,21,13
297,23,13
297,17,6
298,15,14
298,6,17
298,13,21
298,13,23
298,14,15
298,21,13
298,23,13
298,17,6
299,15,14
299,6,17
299,13,21
299,13,23
299,14,15
299,21,13
299,23,13
299,17,6
300,15,14
300,6,17
300,13,21
300,13,23
300,14,15
300,21,13
300,23,13
300,17,6
301,15,14
301,6,17
301,13,21
301,13,23
301,14,15
301,21,13
301,23,13
301,17,6
302,15,14
302,6,17
302,13,21
302,13,23
302,14,15
302,21,13
302,23,13
302,17,6
303,15,14
303,6,17
303,13,21
303,13,23
303,14,15
303,21,13
303,23,13
303,17,6
304,15,14
304,6,17
304,13,21
304,13,23
304,14,15
304,21,13
304,23,13
304,17,6
305,15,14
305,6,17
305,13,21
305,13,23
305,14,15
305,21,13
305,23,13
305,17,6
306,15,14
306,6,17
306,13,21
306,13,23
306,14,15
306,21,13
306,23,13
306,17,6
307,15,14
307,6,17
307,13,21
307,13,23
307,14,15
307,21,13
307,23,13
307,17,6
308,15,14
308,6,17
308,13,21
308,13,23
308,14,15
308,21,13
308,23,13
308,17,6
309,15,14
309,6,17
309,13,21
309,13,23
309,14,15
309,21,13
309,23,13
309,17,6
310,15,14
310,6,17
310,13,21
310,13,23
310,14,15
310,21,13
310,23,13
310,17,6
311,15,14
311,6,17
311,13,21
311,13,23
311,14,15
311,21,13
311,23,13
311,17,6
312,15,14
312,6,17
312,13,21
312,13,23
312,14,15
312,21,13
312,23,13
312,17,6
313,15,14
313,6,17
313,13,21
313,13,23
313,14,15
313,21,13
313,23,13
313,17,6
314,15,14
314,6,17
314,13,21
314,13,23
314,14,15
314,21,13
314,23,13
314,17,6
315,15,14
315,6,17
315,13,21
315,13,23
315,14,15
315,21,13
315,23,13
315,17,6
316,15,14
316,6,17
316,13,21
316,13,23
316,14,15
316,21,13
316,23,13
316,17,6
317,15,14
317,6,17
317,13,21
317,13,23
317,14,15
317,21,13
317,23,13
317,17,6
317,2,25
317,25,2
318,15,14
318,6,17
318,13,21
318,13,23
318,14,15
318,21,13
318,23,13
318,17,6
319,15,14
319,6,17
319,13,21
319,13,23
319,14,15
319,21,13
319,23,13
319,17,6
319,2,25
319,25,2
320,15,14
320,6,17
320,13,21
320,13,23
320,14,15
320,21,13
320,23,13
320,17,6
321,15,14
321,6,17
321,13,21
321,13,23
321,14,15
321,21,13
321,23,13
321,17,6
322,14,4
322,6,16
322,5,21
322,21,5
322,23,24
322,24,23
322,16,6
322,4,14
323,14,4
323,6,16
323,5,21
323,21,5
323,23,24
323,24,23
323,16,6
323,4,14
324,6,16
324,5,21
324,21,5
324,23,24
324,24,23
324,16,6
325,6,16
325,5,21
325,21,5
325,23,24
325,24,23
325,16,6
326,14,4
326,6,16
326,5,21
326,21,5
326,23,24
326,24,23
326,16,6
326,13,26
326,4,14
326,26,13
327,14,4
327,6,16
327,5,21
327,21,5
327,23,24
327,24,23
327,16,6
327,13,26
327,4,14
327,26,13
328,14,4
328,6,16
328,5,21
328,21,5
328,23,24
328,24,23
328,16,6
328,4,14
329,6,16
329,5,21
329,21,5
329,23,24
329,24,23
329,16,6
330,14,4
330,6,16
330,5,21
330,21,5
330,23,24
330,24,23
330,16,6
330,4,14
331,6,16
331,5,21
331,21,5
331,23,24
331,24,23
331,16,6
332,6,16
332,5,21
332,21,5
332,23,24
332,24,23
332,16,6
333,14,4
333,6,16
333,5,21
333,21,5
333,23,24
333,24,23
333,16,6
333,13,26
333,4,14
333,26,13
334,6,16
334,5,21
334,21,5
334,23,24
334,24,23
334,16,6
334,13,26
334,26,13
335,6,16
335,5,21
335,21,5
335,23,24
335,24,23
335,16,6
336,2,21
336,20,21
336,21,2
336,21,20
337,2,21
337,19,11
337,20,21
337,21,2
337,21,20
337,11,19
338,2,21
338,20,21
338,21,2
338,21,20
339,2,21
339,20,21
339,21,2
339,21,20
340,2,21
340,20,21
340,21,2
340,21,20
341,2,21
341,19,11
341,20,21
341,21,2
341,21,20
341,11,19
342,2,21
342,20,21
342,21,2
342,21,20
343,2,21
343,19,11
343,20,21
343,21,2
343,21,20
343,11,19
344,2,21
344,20,21
344,21,2
344,21,20
345,2,21
345,19,11
345,20,21
345,21,2
345,21,20
345,9,24
345,11,19
345,24,9
346,2,21
346,19,11
346,20,21
346,21,2
346,21,20
346,11,19
347,2,21
347,19,11
347,20,21
347,21,2
347,21,20
347,22,24
347,11,19
347,24,22
348,2,21
348,20,21
348,21,2
348,21,20
349,2,21
349,19,11
349,20,21
349,21,2
349,21,20
349,11,19
350,2,21
350,19,11
350,20,21
350,21,2
350,21,20
350,11,19
351,2,21
351,20,21
351,21,2
351,21,20
352,14,15
352,15,14
352,15,16
352,16,15
352,16,17
352,17,16
352,17,18
352,18,17
352,19,20
352,20,19
353,14,15
353,15,14
353,15,16
353,16,15
353,16,17
353,17,16
353,17,18
353,18,17
353,19,20
353,20,19
354,14,15
354,15,14
354,15,16
354,16,15
354,16,17
354,17,16
354,17,18
354,18,17
354,19,20
354,20,19
355,14,15
355,15,14
355,15,16
355,16,15
355,16,17
355,17,16
355,17,18
355,18,17
355,19,20
355,20,19
356,14,15
356,15,14
356,15,16
356,16,15
356,16,17
356,17,16
356,17,18
356,18,17
356,19,20
356,20,19
357,14,15
357,15,14
357,15,16
357,16,15
357,16,17
357,17,16
357,17,18
357,18,17
357,19,20
357,20,19
358,14,15
358,15,14
358,15,16
358,16,15
358,16,17
358,17,16
358,17,18
358,18,17
358,19,20
358,20,19
359,14,15
359,15,14
359,15,16
359,16,15
359,16,17
359,17,16
359,17,18
359,18,17
359,19,20
359,20,19
360,14,15
360,15,14
360,15,16
360,16,15
360,16,17
360,17,16
360,17,18
360,18,17
360,19,20
360,20,19
361,14,15
361,15,14
361,15,16
361,16,15
361,16,17
361,17,16
361,17,18
361,18,17
361,19,20
361,20,19
362,14,15
362,15,14
362,15,16
362,16,15
362,16,17
362,17,16
362,17,18
362,18,17
362,19,20
362,20,19
363,14,15
363,15,14
363,15,16
363,16,15
363,16,17
363,17,16
363,17,18
363,18,17
363,19,20
363,20,19
364,14,15
364,15,14
364,15,16
364,16,15
364,16,17
364,17,16
364,17,18
364,18,17
364,19,20
364,20,19
365,14,15
365,15,14
365,15,16
365,16,15
365,16,17
365,17,16
365,17,18
365,18,17
365,19,20
365,20,19
366,14,15
366,15,14
366,15,16
366,16,15
366,16,17
366,17,16
366,17,18
366,18,17
366,19,20
366,20,19
367,23,24
367,24,23
368,23,24
368,24,23
369,23,24
369,24,23
370,23,24
370,24,23
371,23,24
371,24,23
372,23,24
372,24,23
373,23,24
373,24,23
374,23,24
374,24,23
375,23,24
375,24,23
376,23,24
376,24,23
377,23,24
377,24,23
378,23,24
378,24,23
379,23,24
379,24,23
380,23,24
380,24,23
381,23,24
381,24,23
382,14,15
382,15,14
382,15,16
382,16,15
382,16,17
382,17,16
382,17,18
382,18,17
382,19,20
382,20,19
383,14,15
383,15,14
383,15,16
383,16,15
383,16,17
383,17,16
383,17,18
383,18,17
383,19,20
383,20,19
383,3,24
383,24,3
384,14,15
384,15,14
384,15,16
384,16,15
384,16,17
384,17,16
384,17,18
384,18,17
384,19,20
384,20,19
385,14,15
385,15,14
385,15,16
385,16,15
385,16,17
385,17,16
385,17,18
385,18,17
385,19,20
385,20,19
386,14,15
386,15,14
386,15,16
386,16,15
386,16,17
386,17,16
386,17,18
386,18,17
386,19,20
386,20,19
387,14,15
387,15,14
387,15,16
387,16,15
387,16,17
387,17,16
387,17,18
387,18,17
387,19,20
387,20,19
388,14,15
388,15,14
388,15,16
388,16,15
388,16,17
388,17,16
388,17,18
388,18,17
388,19,20
388,20,19
389,14,15
389,15,14
389,15,16
389,16,15
389,16,17
389,17,16
389,17,18
389,18,17
389,19,20
389,20,19
390,14,15
390,15,14
390,15,16
390,16,15
390,16,17
390,17,16
390,17,18
390,18,17
390,19,20
390,20,19
391,14,15
391,15,14
391,15,16
391,16,15
391,16,17
391,17,16
391,17,18
391,18,17
391,19,20
391,20,19
392,14,15
392,15,14
392,15,16
392,16,15
392,16,17
392,17,16
392,17,18
392,18,17
392,19,20
392,20,19
393,14,15
393,15,14
393,15,16
393,16,15
393,16,17
393,17,16
393,17,18
393,18,17
393,19,20
393,20,19
394,14,15
394,15,14
394,15,16
394,16,15
394,16,17
394,17,16
394,17,18
394,18,17
394,19,20
394,20,19
395,14,15
395,15,14
395,15,16
395,16,15
395,16,17
395,17,16
395,17,18
395,18,17
395,19,20
395,20,19
396,14,15
396,15,14
396,15,16
396,16,15
396,16,17
396,17,16
396,17,18
396,18,17
396,19,20
396,20,19
397,14,15
397,15,14
397,15,16
397,16,15
397,16,17
397,17,16
397,17,18
397,18,17
397,19,20
397,20,19
398,14,15
398,15,14
398,15,16
398,16,15
398,16,17
398,17,16
398,17,18
398,18,17
398,19,20
398,20,19
399,14,15
399,15,14
399,15,16
399,16,15
399,16,17
399,17,16
399,17,18
399,18,17
399,19,20
399,20,19
400,14,15
400,15,14
400,15,16
400,16,15
400,16,17
400,17,16
400,17,18
400,18,17
400,19,20
400,20,19
401,14,15
401,15,14
401,15,16
401,16,15
401,16,17
401,17,16
401,17,18
401,18,17
401,19,20
401,20,19
402,14,15
402,15,14
402,15,16
402,16,15
402,16,17
402,17,16
402,17,18
402,18,17
402,19,20
402,20,19
403,14,15
403,15,14
403,15,16
403,16,15
403,16,17
403,17,16
403,17,18
403,18,17
403,19,20
403,20,19
404,14,15
404,15,14
404,15,16
404,16,15
404,16,17
404,17,16
404,17,18
404,18,17
404,19,20
404,20,19
404,3,24
404,24,3
405,14,15
405,15,14
405,15,16
405,16,15
405,16,17
405,17,16
405,17,18
405,18,17
405,19,20
405,20,19
406,14,15
406,15,14
406,15,16
406,16,15
406,16,17
406,17,16
406,17,18
406,18,17
406,19,20
406,20,19
406,3,24
406,24,3
407,14,15
407,15,14
407,15,16
407,16,15
407,16,17
407,17,16
407,17,18
407,18,17
407,19,20
407,20,19
408,14,15
408,15,14
408,15,16
408,16,15
408,16,17
408,17,16
408,17,18
408,18,17
408,19,20
408,20,19
409,15,16
409,16,15
409,20,21
409,21,20
410,15,16
410,16,15
410,20,21
410,21,20
411,15,16
411,16,15
411,20,21
411,21,20
412,15,16
412,16,15
412,20,21
412,21,20
413,15,16
413,16,15
413,20,21
413,21,20
414,15,16
414,16,15
414,20,21
414,21,20
415,15,16
415,16,15
415,20,21
415,21,20
416,15,16
416,16,15
416,20,21
416,21,20
417,15,16
417,16,15
417,20,21
417,21,20
418,15,16
418,16,15
418,20,21
418,21,20
419,15,16
419,16,15
419,20,21
419,21,20
420,15,16
420,16,15
420,20,21
420,21,20
421,15,16
421,16,15
421,20,21
421,21,20
422,15,16
422,16,15
422,20,21
422,21,20
423,15,16
423,16,15
423,20,21
423,21,20
424,2,21
424,20,21
424,21,2
424,21,20
425,2,21
425,20,21
425,21,2
425,21,20
426,2,21
426,20,21
426,21,2
426,21,20
427,2,21
427,20,21
427,21,2
427,21,20
428,2,21
428,20,21
428,21,2
428,21,20
428,14,24
428,24,14
429,2,21
429,20,21
429,21,2
429,21,20
429,14,24
429,24,14
430,2,21
430,20,21
430,21,2
430,21,20
431,2,21
431,20,21
431,21,2
431,21,20
432,2,21
432,20,21
432,21,2
432,21,20
433,2,21
433,20,21
433,21,2
433,21,20
434,2,21
434,20,21
434,21,2
434,21,20
435,2,21
435,20,21
435,21,2
435,21,20
435,14,24
435,24,14
436,2,21
436,20,21
436,21,2
436,21,20
436,14,24
436,24,14
437,2,21
437,20,21
437,21,2
437,21,20
438,23,24
438,24,23
439,23,24
439,24,23
439,5,26
439,26,5
440,23,24
440,24,23
441,23,24
441,24,23
442,23,24
442,24,23
443,23,24
443,24,23
444,23,24
444,24,23
445,23,24
445,24,23
446,23,24
446,24,23
447,23,24
447,24,23
448,23,24
448,24,23
449,23,24
449,24,23
450,23,24
450,24,23
451,23,24
451,24,23
452,23,24
452,24,23
453,23,24
453,24,23
454,23,24
454,24,23
455,23,24
455,24,23
456,23,24
456,24,23
457,23,24
457,24,23
458,23,24
458,24,23
459,23,24
459,24,23
460,23,24
460,24,23
460,5,26
460,26,5
461,23,24
461,24,23
462,23,24
462,24,23
462,5,26
462,26,5
463,23,24
463,24,23
464,23,24
464,24,23
465,16,15
465,5,17
465,14,21
465,14,23
465,15,16
465,21,14
465,23,14
465,17,5
466,16,15
466,5,17
466,14,21
466,14,23
466,15,16
466,21,14
466,23,14
466,17,5
467,16,15
467,5,17
467,14,21
467,14,23
467,15,16
467,21,14
467,23,14
467,17,5
468,16,15
468,5,17
468,14,21
468,14,23
468,15,16
468,21,14
468,23,14
468,17,5
469,16,15
469,5,17
469,14,21
469,14,23
469,15,16
469,21,14
469,23,14
469,17,5
470,16,15
470,5,17
470,14,21
470,14,23
470,15,16
470,21,14
470,23,14
470,17,5
471,16,15
471,5,17
471,14,21
471,14,23
471,15,16
471,21,14
471,23,14
471,17,5
472,16,15
472,5,17
472,14,21
472,14,23
472,15,16
472,21,14
472,23,14
472,17,5
473,16,15
473,5,17
473,14,21
473,14,23
473,15,16
473,21,14
473,23,14
473,17,5
474,16,15
474,5,17
474,14,21
474,14,23
474,15,16
474,21,14
474,23,14
474,17,5
475,16,15
475,5,17
475,14,21
475,14,23
475,15,16
475,21,14
475,23,14
475,17,5
476,16,15
476,5,17
476,14,21
476,14,23
476,15,16
476,21,14
476,23,14
476,23,25
476,17,5
476,25,23
477,16,15
477,5,17
477,14,21
477,14,23
477,15,16
477,21,14
477,23,14
477,17,5
478,16,15
478,5,17
478,14,21
478,14,23
478,15,16
478,21,14
478,23,14
478,17,5
479,16,15
479,5,17
479,14,21
479,14,23
479,15,16
479,21,14
479,23,14
479,17,5
480,16,15
480,5,17
480,14,21
480,14,23
480,15,16
480,21,14
480,23,14
480,17,5
481,15,16
481,16,15
481,20,21
481,21,20
482,15,16
482,16,15
482,20,21
482,21,20
482,2,24
482,24,2
483,15,16
483,16,15
483,20,21
483,21,20
484,15,16
484,16,15
484,20,21
484,21,20
485,15,16
485,16,15
485,20,21
485,21,20
486,15,16
486,16,15
486,20,21
486,21,20
487,15,16
487,16,15
487,20,21
487,21,20
488,15,16
488,16,15
488,20,21
488,21,20
489,15,16
489,16,15
489,20,21
489,21,20
490,15,16
490,16,15
490,20,21
490,21,20
491,15,16
491,16,15
491,20,21
491,21,20
492,15,16
492,16,15
492,20,21
492,21,20
493,15,16
493,16,15
493,20,21
493,21,20
494,15,16
494,16,15
494,20,21
494,21,20
495,15,16
495,16,15
495,20,21
495,21,20
496,15,16
496,16,15
496,20,21
496,21,20
497,15,16
497,16,15
497,20,21
497,21,20
497,4,24
497,24,4
498,15,16
498,16,15
498,20,21
498,21,20
499,15,16
499,16,15
499,20,21
499,21,20
500,15,16
500,16,15
500,20,21
500,21,20
501,15,16
501,16,15
501,20,21
501,21,20
502,15,16
502,16,15
502,20,21
502,21,20
503,15,16
503,16,15
503,20,21
503,21,20
503,2,24
503,24,2
504,15,16
504,16,15
504,20,21
504,21,20
505,15,16
505,16,15
505,20,21
505,21,20
505,2,24
505,24,2
506,15,16
506,16,15
506,20,21
506,21,20
507,15,16
507,16,15
507,20,21
507,21,20
508,2,22
508,21,22
508,22,2
508,22,21
509,2,22
509,20,11
509,21,22
509,22,2
509,22,21
509,11,20
510,2,22
510,21,22
510,22,2
510,22,21
511,2,22
511,21,22
511,22,2
511,22,21
512,2,22
512,21,22
512,22,2
512,22,21
513,2,22
513,20,11
513,21,22
513,22,2
513,22,21
513,11,20
514,2,22
514,21,22
514,22,2
514,22,21
515,2,22
515,20,11
515,21,22
515,22,2
515,22,21
515,11,20
516,2,22
516,21,22
516,22,2
516,22,21
517,2,22
517,20,11
517,21,22
517,22,2
517,22,21
517,9,25
517,11,20
517,25,9
518,2,22
518,20,11
518,21,22
518,22,2
518,22,21
518,11,20
519,2,22
519,20,11
519,21,22
519,22,2
519,22,21
519,23,25
519,11,20
519,25,23
520,2,22
520,21,22
520,22,2
520,22,21
521,2,22
521,20,11
521,21,22
521,22,2
521,22,21
521,11,20
522,2,22
522,20,11
522,21,22
522,22,2
522,22,21
522,11,20
523,2,22
523,21,22
523,22,2
523,22,21
524,15,14
524,15,4
524,5,17
524,13,21
524,13,23
524,14,15
524,21,13
524,23,13
524,17,5
524,4,15
525,15,14
525,15,4
525,5,17
525,13,21
525,13,23
525,14,15
525,21,13
525,23,13
525,17,5
525,4,15
526,15,14
526,5,17
526,13,21
526,13,23
526,14,15
526,21,13
526,23,13
526,17,5
527,15,14
527,5,17
527,13,21
527,13,23
527,14,15
527,21,13
527,23,13
527,17,5
528,15,14
528,15,4
528,5,17
528,13,21
528,13,23
528,14,15
528,21,13
528,23,13
528,17,5
528,12,25
528,4,15
528,25,12
529,15,14
529,15,4
529,5,17
529,13,21
529,13,23
529,14,15
529,21,13
529,23,13
529,17,5
529,12,25
529,4,15
529,25,12
530,15,14
530,15,4
530,5,17
530,13,21
530,13,23
530,14,15
530,21,13
530,23,13
530,17,5
530,4,15
531,15,14
531,5,17
531,13,21
531,13,23
531,14,15
531,21,13
531,23,13
531,17,5
532,15,14
532,15,4
532,5,17
532,13,21
532,13,23
532,14,15
532,21,13
532,23,13
532,17,5
532,4,15
533,15,14
533,5,17
533,13,21
533,13,23
533,14,15
533,21,13
533,23,13
533,17,5
534,15,14
534,5,17
534,13,21
534,13,23
534,14,15
534,21,13
534,23,13
534,17,5
535,15,14
535,15,4
535,5,17
535,13,21
535,13,23
535,14,15
535,21,13
535,23,13
535,17,5
535,12,25
535,4,15
535,25,12
536,15,14
536,5,17
536,13,21
536,13,23
536,14,15
536,21,13
536,23,13
536,17,5
536,12,25
536,25,12
537,15,14
537,5,17
537,13,21
537,13,23
537,14,15
537,21,13
537,23,13
537,17,5
538,2,22
538,21,22
538,22,2
538,22,21
539,2,22
539,21,22
539,22,2
539,22,21
540,2,22
540,21,22
540,22,2
540,22,21
541,2,22
541,21,22
541,22,2
541,22,21
542,2,22
542,21,22
542,22,2
542,22,21
542,15,25
542,25,15
543,2,22
543,21,22
543,22,2
543,22,21
543,15,25
543,25,15
544,2,22
544,21,22
544,22,2
544,22,21
545,2,22
545,21,22
545,22,2
545,22,21
546,2,22
546,21,22
546,22,2
546,22,21
547,2,22
547,21,22
547,22,2
547,22,21
548,2,22
548,21,22
548,22,2
548,22,21
549,2,22
549,21,22
549,22,2
549,22,21
549,15,25
549,25,15
550,2,22
550,21,22
550,22,2
550,22,21
550,15,25
550,25,15
551,2,22
551,21,22
551,22,2
551,22,21
552,23,24
552,24,23
553,20,11
553,23,24
553,24,23
553,11,20
554,23,24
554,24,23
555,23,24
555,24,23
556,23,24
556,24,23
557,20,11
557,23,24
557,24,23
557,11,20
558,23,24
558,24,23
559,20,11
559,23,24
559,24,23
559,11,20
560,23,24
560,24,23
561,20,11
561,23,24
561,24,23
561,11,20
562,20,11
562,23,24
562,24,23
562,11,20
563,20,11
563,23,24
563,24,23
563,11,20
564,23,24
564,24,23
565,20,11
565,23,24
565,24,23
565,11,20
566,20,11
566,23,24
566,24,23
566,11,20
567,23,24
567,24,23
568,6,16
568,5,21
568,21,5
568,23,24
568,24,23
568,16,6
569,6,16
569,5,21
569,21,5
569,23,24
569,24,23
569,16,6
570,6,16
570,5,21
570,21,5
570,23,24
570,24,23
570,16,6
571,6,16
571,5,21
571,21,5
571,23,24
571,24,23
571,16,6
572,6,16
572,5,21
572,21,5
572,23,24
572,24,23
572,16,6
573,6,16
573,5,21
573,21,5
573,23,24
573,24,23
573,16,6
574,6,16
574,5,21
574,21,5
574,23,24
574,24,23
574,16,6
575,6,16
575,5,21
575,21,5
575,23,24
575,24,23
575,16,6
576,6,16
576,5,21
576,21,5
576,22,26
576,23,24
576,24,23
576,16,6
576,26,22
577,6,16
577,5,21
577,21,5
577,23,24
577,24,23
577,16,6
578,6,16
578,5,21
578,21,5
578,23,24
578,24,23
578,16,6
579,6,16
579,5,21
579,21,5
579,23,24
579,24,23
579,16,6
580,6,16
580,5,21
580,21,5
580,23,24
580,24,23
580,16,6
581,6,16
581,5,21
581,21,5
581,23,24
581,24,23
581,16,6
582,6,16
582,5,21
582,21,5
582,23,24
582,24,23
582,16,6
583,7,16
583,6,21
583,21,6
583,23,24
583,24,23
583,16,7
584,7,16
584,6,21
584,21,6
584,23,24
584,24,23
584,16,7
584,2,26
584,26,2
585,7,16
585,6,21
585,21,6
585,23,24
585,24,23
585,16,7
586,7,16
586,6,21
586,21,6
586,23,24
586,24,23
586,16,7
587,7,16
587,6,21
587,21,6
587,23,24
587,24,23
587,16,7
588,7,16
588,6,21
588,21,6
588,23,24
588,24,23
588,16,7
589,7,16
589,6,21
589,21,6
589,23,24
589,24,23
589,16,7
590,7,16
590,6,21
590,21,6
590,23,24
590,24,23
590,16,7
591,7,16
591,6,21
591,21,6
591,23,24
591,24,23
591,16,7
592,7,16
592,6,21
592,21,6
592,23,24
592,24,23
592,16,7
593,7,16
593,6,21
593,21,6
593,23,24
593,24,23
593,16,7
594,7,16
594,6,21
594,21,6
594,23,24
594,24,23
594,16,7
595,7,16
595,6,21
595,21,6
595,23,24
595,24,23
595,16,7
596,7,16
596,6,21
596,21,6
596,23,24
596,24,23
596,16,7
597,7,16
597,6,21
597,21,6
597,23,24
597,24,23
597,16,7
598,7,16
598,6,21
598,21,6
598,23,24
598,24,23
598,16,7
599,7,16
599,6,21
599,21,6
599,23,24
599,24,23
599,16,7
600,7,16
600,6,21
600,21,6
600,23,24
600,24,23
600,16,7
601,7,16
601,6,21
601,21,6
601,23,24
601,24,23
601,16,7
602,7,16
602,6,21
602,21,6
602,23,24
602,24,23
602,16,7
603,7,16
603,6,21
603,21,6
603,23,24
603,24,23
603,16,7
604,7,16
604,6,21
604,21,6
604,23,24
604,24,23
604,16,7
605,7,16
605,6,21
605,21,6
605,23,24
605,24,23
605,16,7
605,2,26
605,26,2
606,7,16
606,6,21
606,21,6
606,23,24
606,24,23
606,16,7
607,7,16
607,6,21
607,21,6
607,23,24
607,24,23
607,16,7
607,2,26
607,26,2
608,7,16
608,6,21
608,21,6
608,23,24
608,24,23
608,16,7
609,7,16
609,6,21
609,21,6
609,23,24
609,24,23
609,16,7
610,23,24
610,24,23
611,23,24
611,24,23
612,23,24
612,24,23
613,23,24
613,24,23
614,23,24
614,24,23
614,13,26
614,26,13
615,23,24
615,24,23
615,13,26
615,26,13
616,23,24
616,24,23
617,23,24
617,24,23
618,23,24
618,24,23
619,23,24
619,24,23
620,23,24
620,24,23
621,23,24
621,24,23
621,13,26
621,26,13
622,23,24
622,24,23
622,13,26
622,26,13
623,23,24
623,24,23
624,15,16
624,16,15
624,22,23
624,23,22
625,15,16
625,16,15
625,19,7
625,22,23
625,23,22
625,7,19
626,15,16
626,16,15
626,22,23
626,23,22
627,15,16
627,16,15
627,22,23
627,23,22
628,15,16
628,16,15
628,22,23
628,23,22
629,15,16
629,16,15
629,19,7
629,22,23
629,23,22
629,7,19
630,15,16
630,16,15
630,22,23
630,23,22
631,15,16
631,16,15
631,19,7
631,22,23
631,23,22
631,7,19
632,15,16
632,16,15
632,22,23
632,23,22
633,15,16
633,16,15
633,19,7
633,22,23
633,23,22
633,7,19
634,15,16
634,16,15
634,19,7
634,22,23
634,23,22
634,7,19
635,15,16
635,16,15
635,19,7
635,22,23
635,23,22
635,7,19
636,15,16
636,16,15
636,22,23
636,23,22
637,15,16
637,16,15
637,19,7
637,22,23
637,23,22
637,7,19
638,15,16
638,16,15
638,19,7
638,22,23
638,23,22
638,7,19
639,15,16
639,16,15
639,22,23
639,23,22
640,2,21
640,20,21
640,21,2
640,21,20
641,2,21
641,20,21
641,21,2
641,21,20
642,2,21
642,20,21
642,21,2
642,21,20
643,2,21
643,20,21
643,21,2
643,21,20
644,2,21
644,20,21
644,21,2
644,21,20
645,2,21
645,20,21
645,21,2
645,21,20
646,2,21
646,20,21
646,21,2
646,21,20
647,2,21
647,20,21
647,21,2
647,21,20
648,2,21
648,20,21
648,21,2
648,21,20
649,2,21
649,20,21
649,21,2
649,21,20
650,2,21
650,20,21
650,21,2
650,21,20
651,2,21
651,20,21
651,21,2
651,21,20
652,2,21
652,20,21
652,21,2
652,21,20
653,2,21
653,20,21
653,21,2
653,21,20
654,2,21
654,20,21
654,21,2
654,21,20
655,4,21
655,20,21
655,21,4
655,21,20
656,4,21
656,20,21
656,21,4
656,21,20
656,2,24
656,24,2
657,4,21
657,20,21
657,21,4
657,21,20
658,4,21
658,20,21
658,21,4
658,21,20
659,4,21
659,20,21
659,21,4
659,21,20
660,4,21
660,20,21
660,21,4
660,21,20
661,4,21
661,20,21
661,21,4
661,21,20
662,4,21
662,20,21
662,21,4
662,21,20
663,4,21
663,20,21
663,21,4
663,21,20
664,4,21
664,20,21
664,21,4
664,21,20
665,4,21
665,20,21
665,21,4
665,21,20
666,4,21
666,20,21
666,21,4
666,21,20
667,4,21
667,20,21
667,21,4
667,21,20
668,4,21
668,20,21
668,21,4
668,21,20
669,4,21
669,20,21
669,21,4
669,21,20
670,4,21
670,20,21
670,21,4
670,21,20
671,4,21
671,20,21
671,21,4
671,21,20
671,5,24
671,24,5
672,4,21
672,20,21
672,21,4
672,21,20
673,4,21
673,20,21
673,21,4
673,21,20
674,4,21
674,20,21
674,21,4
674,21,20
675,4,21
675,20,21
675,21,4
675,21,20
676,4,21
676,20,21
676,21,4
676,21,20
677,4,21
677,20,21
677,21,4
677,21,20
677,2,24
677,24,2
678,4,21
678,20,21
678,21,4
678,21,20
679,4,21
679,20,21
679,21,4
679,21,20
679,2,24
679,24,2
680,4,21
680,20,21
680,21,4
680,21,20
681,4,21
681,20,21
681,21,4
681,21,20
682,15,16
682,16,15
682,22,23
682,23,22
683,15,16
683,16,15
683,22,23
683,23,22
684,15,16
684,16,15
684,22,23
684,23,22
685,15,16
685,16,15
685,22,23
685,23,22
686,15,16
686,16,15
686,22,23
686,23,22
686,10,25
686,25,10
687,15,16
687,16,15
687,22,23
687,23,22
687,10,25
687,25,10
688,15,16
688,16,15
688,22,23
688,23,22
689,15,16
689,16,15
689,22,23
689,23,22
690,15,16
690,16,15
690,22,23
690,23,22
691,15,16
691,16,15
691,22,23
691,23,22
692,15,16
692,16,15
692,22,23
692,23,22
693,15,16
693,16,15
693,22,23
693,23,22
693,10,25
693,25,10
694,15,16
694,16,15
694,22,23
694,23,22
694,10,25
694,25,10
695,15,16
695,16,15
695,22,23
695,23,22
696,6,16
696,5,21
696,21,5
696,23,24
696,24,23
696,16,6
697,6,16
697,5,21
697,21,5
697,23,24
697,24,23
697,16,6
698,6,16
698,5,21
698,21,5
698,23,24
698,24,23
698,16,6
699,6,16
699,5,21
699,21,5
699,23,24
699,24,23
699,16,6
700,6,16
700,5,21
700,21,5
700,23,24
700,24,23
700,16,6
701,6,16
701,5,21
701,21,5
701,23,24
701,24,23
701,16,6
702,6,16
702,5,21
702,21,5
702,23,24
702,24,23
702,16,6
703,6,16
703,5,21
703,21,5
703,23,24
703,24,23
703,16,6
704,6,16
704,5,21
704,21,5
704,23,24
704,24,23
704,16,6
705,6,16
705,5,21
705,21,5
705,23,24
705,24,23
705,16,6
706,6,16
706,5,21
706,21,5
706,23,24
706,24,23
706,16,6
707,6,16
707,5,21
707,21,5
707,23,24
707,24,23
707,16,6
708,6,16
708,5,21
708,21,5
708,23,24
708,24,23
708,16,6
709,6,16
709,5,21
709,21,5
709,23,24
709,24,23
709,16,6
710,6,16
710,5,21
710,21,5
710,23,24
710,24,23
710,16,6
711,6,16
711,5,21
711,21,5
711,23,24
711,24,23
711,16,6
712,16,15
712,5,17
712,14,21
712,14,23
712,15,16
712,15,13
712,21,14
712,23,14
712,17,5
712,13,15
713,16,15
713,5,17
713,14,21
713,14,23
713,15,16
713,15,13
713,21,14
713,23,14
713,17,5
713,13,15
714,16,15
714,5,17
714,14,21
714,14,23
714,15,16
714,15,13
714,21,14
714,23,14
714,17,5
714,13,15
715,16,15
715,5,17
715,14,21
715,14,23
715,15,16
715,15,13
715,21,14
715,23,14
715,17,5
715,13,15
716,16,15
716,5,17
716,14,21
716,14,23
716,15,16
716,15,13
716,21,14
716,23,14
716,17,5
716,13,15
717,16,15
717,5,17
717,14,21
717,14,23
717,15,16
717,15,13
717,21,14
717,23,14
717,17,5
717,13,15
718,16,15
718,5,17
718,14,21
718,14,23
718,15,16
718,15,13
718,21,14
718,23,14
718,17,5
718,13,15
719,16,15
719,5,17
719,14,21
719,14,23
719,15,16
719,15,13
719,21,14
719,23,14
719,17,5
719,13,15
720,16,15
720,5,17
720,14,21
720,14,23
720,15,16
720,15,13
720,21,14
720,23,14
720,17,5
720,13,15
721,16,15
721,5,17
721,14,21
721,14,23
721,15,16
721,15,13
721,21,14
721,23,14
721,17,5
721,13,15
722,16,15
722,5,17
722,14,21
722,14,23
722,15,16
722,15,13
722,21,14
722,23,14
722,17,5
722,13,15
723,16,15
723,5,17
723,14,21
723,14,23
723,15,16
723,15,13
723,21,14
723,23,14
723,17,5
723,13,15
724,16,15
724,5,17
724,14,21
724,14,23
724,15,16
724,15,13
724,21,14
724,23,14
724,17,5
724,13,15
725,16,15
725,5,17
725,14,21
725,14,23
725,15,16
725,15,13
725,21,14
725,23,14
725,17,5
725,13,15
726,16,15
726,5,17
726,14,21
726,14,23
726,15,16
726,15,13
726,21,14
726,23,14
726,17,5
726,13,15
727,2,22
727,21,22
727,22,2
727,22,21
728,2,22
728,21,22
728,22,2
728,22,21
729,2,22
729,21,22
729,22,2
729,22,21
730,2,22
730,21,22
730,22,2
730,22,21
731,2,22
731,21,22
731,22,2
731,22,21
732,2,22
732,21,22
732,22,2
732,22,21
733,2,22
733,21,22
733,22,2
733,22,21
734,2,22
734,21,22
734,22,2
734,22,21
735,2,22
735,21,22
735,22,2
735,22,21
736,2,22
736,21,22
736,22,2
736,22,21
737,2,22
737,21,22
737,22,2
737,22,21
738,2,22
738,21,22
738,22,2
738,22,21
739,2,22
739,21,22
739,22,2
739,22,21
740,2,22
740,21,22
740,22,2
740,22,21
741,2,22
741,21,22
741,22,2
741,22,21
742,15,14
742,6,17
742,13,21
742,13,23
742,14,15
742,21,13
742,23,13
742,17,6
743,15,14
743,6,17
743,13,21
743,13,23
743,14,15
743,21,13
743,23,13
743,17,6
743,2,25
743,25,2
744,15,14
744,6,17
744,13,21
744,13,23
744,14,15
744,21,13
744,23,13
744,17,6
745,15,14
745,6,17
745,13,21
745,13,23
745,14,15
745,21,13
745,23,13
745,17,6
746,15,14
746,6,17
746,13,21
746,13,23
746,14,15
746,21,13
746,23,13
746,17,6
747,15,14
747,6,17
747,13,21
747,13,23
747,14,15
747,21,13
747,23,13
747,17,6
748,15,14
748,6,17
748,13,21
748,13,23
748,14,15
748,21,13
748,23,13
748,17,6
749,15,14
749,6,17
749,13,21
749,13,23
749,14,15
749,21,13
749,23,13
749,17,6
750,15,14
750,6,17
750,13,21
750,13,23
750,14,15
750,21,13
750,23,13
750,17,6
751,15,14
751,6,17
751,13,21
751,13,23
751,14,15
751,21,13
751,23,13
751,17,6
752,15,14
752,6,17
752,13,21
752,13,23
752,14,15
752,21,13
752,23,13
752,17,6
753,15,14
753,6,17
753,13,21
753,13,23
753,14,15
753,21,13
753,23,13
753,17,6
754,15,14
754,6,17
754,13,21
754,13,23
754,14,15
754,21,13
754,23,13
754,17,6
755,15,14
755,6,17
755,13,21
755,13,23
755,14,15
755,21,13
755,23,13
755,17,6
756,15,14
756,6,17
756,13,21
756,13,23
756,14,15
756,21,13
756,23,13
756,17,6
757,15,14
757,6,17
757,13,21
757,13,23
757,14,15
757,21,13
757,23,13
757,17,6
758,15,14
758,6,17
758,13,21
758,13,23
758,14,15
758,21,13
758,23,13
758,17,6
759,15,14
759,6,17
759,13,21
759,13,23
759,14,15
759,21,13
759,23,13
759,17,6
760,15,14
760,6,17
760,13,21
760,13,23
760,14,15
760,21,13
760,23,13
760,17,6
761,15,14
761,6,17
761,13,21
761,13,23
761,14,15
761,21,13
761,23,13
761,17,6
762,15,14
762,6,17
762,13,21
762,13,23
762,14,15
762,21,13
762,23,13
762,17,6
763,15,14
763,6,17
763,13,21
763,13,23
763,14,15
763,21,13
763,23,13
763,17,6
764,15,14
764,6,17
764,13,21
764,13,23
764,14,15
764,21,13
764,23,13
764,17,6
764,2,25
764,25,2
765,15,14
765,6,17
765,13,21
765,13,23
765,14,15
765,21,13
765,23,13
765,17,6
766,15,14
766,6,17
766,13,21
766,13,23
766,14,15
766,21,13
766,23,13
766,17,6
766,2,25
766,25,2
767,15,14
767,6,17
767,13,21
767,13,23
767,14,15
767,21,13
767,23,13
767,17,6
768,15,14
768,6,17
768,13,21
768,13,23
768,14,15
768,21,13
768,23,13
768,17,6
769,14,4
769,6,16
769,5,21
769,21,5
769,23,24
769,24,23
769,16,6
769,4,14
770,14,4
770,6,16
770,5,21
770,21,5
770,23,24
770,24,23
770,16,6
770,4,14
771,6,16
771,5,21
771,21,5
771,23,24
771,24,23
771,16,6
772,6,16
772,5,21
772,21,5
772,23,24
772,24,23
772,16,6
773,14,4
773,6,16
773,5,21
773,21,5
773,23,24
773,24,23
773,16,6
773,13,26
773,4,14
773,26,13
774,14,4
774,6,16
774,5,21
774,21,5
774,23,24
774,24,23
774,16,6
774,13,26
774,4,14
774,26,13
775,14,4
775,6,16
775,5,21
775,21,5
775,23,24
775,24,23
775,16,6
775,4,14
776,6,16
776,5,21
776,21,5
776,23,24
776,24,23
776,16,6
777,14,4
777,6,16
777,5,21
777,21,5
777,23,24
777,24,23
777,16,6
777,4,14
778,6,16
778,5,21
778,21,5
778,23,24
778,24,23
778,16,6
779,6,16
779,5,21
779,21,5
779,23,24
779,24,23
779,16,6
780,14,4
780,6,16
780,5,21
780,21,5
780,23,24
780,24,23
780,16,6
780,13,26
780,4,14
780,26,13
781,6,16
781,5,21
781,21,5
781,23,24
781,24,23
781,16,6
781,13,26
781,26,13
782,6,16
782,5,21
782,21,5
782,23,24
782,24,23
782,16,6
783,4,22
783,21,22
783,22,4
783,22,21
784,4,22
784,21,22
784,22,4
784,22,21
784,2,25
784,25,2
785,4,22
785,21,22
785,22,4
785,22,21
786,4,22
786,21,22
786,22,4
786,22,21
787,4,22
787,21,22
787,22,4
787,22,21
788,4,22
788,21,22
788,22,4
788,22,21
789,4,22
789,21,22
789,22,4
789,22,21
790,4,22
790,21,22
790,22,4
790,22,21
791,4,22
791,21,22
791,22,4
791,22,21
792,4,22
792,21,22
792,22,4
792,22,21
793,4,22
793,21,22
793,22,4
793,22,21
794,4,22
794,21,22
794,22,4
794,22,21
795,4,22
795,21,22
795,22,4
795,22,21
796,4,22
796,21,22
796,22,4
796,22,21
797,4,22
797,21,22
797,22,4
797,22,21
798,4,22
798,21,22
798,22,4
798,22,21
799,4,22
799,21,22
799,22,4
799,22,21
799,5,25
799,25,5
800,4,22
800,21,22
800,22,4
800,22,21
801,4,22
801,21,22
801,22,4
801,22,21
802,4,22
802,21,22
802,22,4
802,22,21
803,4,22
803,21,22
803,22,4
803,22,21
804,4,22
804,21,22
804,22,4
804,22,21
805,4,22
805,21,22
805,22,4
805,22,21
805,2,25
805,25,2
806,4,22
806,21,22
806,22,4
806,22,21
807,4,22
807,21,22
807,22,4
807,22,21
807,2,25
807,25,2
808,4,22
808,21,22
808,22,4
808,22,21
809,4,22
809,21,22
809,22,4
809,22,21
810,15,14
810,5,17
810,13,21
810,13,23
810,14,15
810,21,13
810,23,13
810,17,5
811,15,14
811,5,17
811,13,21
811,13,23
811,14,15
811,21,13
811,23,13
811,17,5
812,15,14
812,5,17
812,13,21
812,13,23
812,14,15
812,21,13
812,23,13
812,17,5
813,15,14
813,5,17
813,13,21
813,13,23
813,14,15
813,21,13
813,23,13
813,17,5
814,15,14
814,5,17
814,13,21
814,13,23
814,14,15
814,21,13
814,23,13
814,17,5
815,15,14
815,5,17
815,13,21
815,13,23
815,14,15
815,21,13
815,23,13
815,17,5
816,15,14
816,5,17
816,13,21
816,13,23
816,14,15
816,21,13
816,23,13
816,17,5
817,15,14
817,5,17
817,13,21
817,13,23
817,14,15
817,21,13
817,23,13
817,17,5
818,15,14
818,5,17
818,13,21
818,13,23
818,14,15
818,21,13
818,23,13
818,17,5
819,15,14
819,5,17
819,13,21
819,13,23
819,14,15
819,21,13
819,23,13
819,17,5
820,15,14
820,5,17
820,13,21
820,13,23
820,14,15
820,21,13
820,23,13
820,17,5
821,15,14
821,5,17
821,13,21
821,13,23
821,14,15
821,21,13
821,23,13
821,23,25
821,17,5
821,25,23
822,15,14
822,5,17
822,13,21
822,13,23
822,14,15
822,21,13
822,23,13
822,17,5
823,15,14
823,5,17
823,13,21
823,13,23
823,14,15
823,21,13
823,23,13
823,17,5
824,15,14
824,5,17
824,13,21
824,13,23
824,14,15
824,21,13
824,23,13
824,17,5
825,15,14
825,5,17
825,13,21
825,13,23
825,14,15
825,21,13
825,23,13
825,17,5
826,23,24
826,24,23
827,23,24
827,24,23
828,23,24
828,24,23
829,23,24
829,24,23
830,23,24
830,24,23
831,23,24
831,24,23
832,23,24
832,24,23
833,23,24
833,24,23
834,22,26
834,23,24
834,24,23
834,26,22
835,23,24
835,24,23
836,23,24
836,24,23
837,23,24
837,24,23
838,23,24
838,24,23
839,23,24
839,24,23
840,23,24
840,24,23
841,22,23
841,23,22
842,19,10
842,22,23
842,23,22
842,10,19
843,22,23
843,23,22
844,22,23
844,23,22
845,22,23
845,23,22
846,19,10
846,22,23
846,23,22
846,10,19
847,22,23
847,23,22
848,19,10
848,22,23
848,23,22
848,10,19
849,22,23
849,23,22
850,19,10
850,22,23
850,23,22
850,10,19
851,19,10
851,22,23
851,23,22
851,10,19
852,19,10
852,22,23
852,23,22
852,10,19
853,22,23
853,23,22
854,19,10
854,22,23
854,23,22
854,10,19
855,19,10
855,22,23
855,23,22
855,10,19
856,22,23
856,23,22
857,23,24
857,24,23
858,23,24
858,24,23
858,6,26
858,26,6
859,23,24
859,24,23
860,23,24
860,24,23
861,23,24
861,24,23
862,23,24
862,24,23
863,23,24
863,24,23
864,23,24
864,24,23
865,23,24
865,24,23
866,23,24
866,24,23
867,23,24
867,24,23
868,23,24
868,24,23
869,23,24
869,24,23
870,23,24
870,24,23
871,23,24
871,24,23
872,23,24
872,24,23
873,23,24
873,24,23
874,23,24
874,24,23
875,23,24
875,24,23
876,23,24
876,24,23
877,23,24
877,24,23
878,23,24
878,24,23
879,23,24
879,24,23
879,6,26
879,26,6
880,23,24
880,24,23
881,23,24
881,24,23
881,6,26
881,26,6
882,23,24
882,24,23
883,23,24
883,24,23
884,14,13
884,14,4
884,5,17
884,12,21
884,12,23
884,13,14
884,21,12
884,23,12
884,17,5
884,4,14
885,14,13
885,14,4
885,5,17
885,12,21
885,12,23
885,13,14
885,21,12
885,23,12
885,17,5
885,4,14
886,14,13
886,5,17
886,12,21
886,12,23
886,13,14
886,21,12
886,23,12
886,17,5
887,14,13
887,5,17
887,12,21
887,12,23
887,13,14
887,21,12
887,23,12
887,17,5
888,14,13
888,14,4
888,5,17
888,12,21
888,12,23
888,13,14
888,21,12
888,23,12
888,17,5
888,11,25
888,4,14
888,25,11
889,14,13
889,14,4
889,5,17
889,12,21
889,12,23
889,13,14
889,21,12
889,23,12
889,17,5
889,11,25
889,4,14
889,25,11
890,14,13
890,14,4
890,5,17
890,12,21
890,12,23
890,13,14
890,21,12
890,23,12
890,17,5
890,4,14
891,14,13
891,5,17
891,12,21
891,12,23
891,13,14
891,21,12
891,23,12
891,17,5
892,14,13
892,14,4
892,5,17
892,12,21
892,12,23
892,13,14
892,21,12
892,23,12
892,17,5
892,4,14
893,14,13
893,5,17
893,12,21
893,12,23
893,13,14
893,21,12
893,23,12
893,17,5
894,14,13
894,5,17
894,12,21
894,12,23
894,13,14
894,21,12
894,23,12
894,17,5
895,14,13
895,14,4
895,5,17
895,12,21
895,12,23
895,13,14
895,21,12
895,23,12
895,17,5
895,11,25
895,4,14
895,25,11
896,14,13
896,5,17
896,12,21
896,12,23
896,13,14
896,21,12
896,23,12
896,17,5
896,11,25
896,25,11
897,14,13
897,5,17
897,12,21
897,12,23
897,13,14
897,21,12
897,23,12
897,17,5
898,15,16
898,16,15
898,22,23
898,23,22
899,15,16
899,16,15
899,22,23
899,23,22
900,15,16
900,16,15
900,22,23
900,23,22
901,15,16
901,16,15
901,22,23
901,23,22
902,15,16
902,16,15
902,22,23
902,23,22
903,15,16
903,16,15
903,22,23
903,23,22
904,15,16
904,16,15
904,22,23
904,23,22
905,15,16
905,16,15
905,22,23
905,23,22
906,15,16
906,16,15
906,22,23
906,23,22
907,15,16
907,16,15
907,22,23
907,23,22
908,15,16
908,16,15
908,22,23
908,23,22
909,15,16
909,16,15
909,22,23
909,23,22
910,15,16
910,16,15
910,22,23
910,23,22
911,15,16
911,16,15
911,22,23
911,23,22
912,15,16
912,16,15
912,22,23
912,23,22
913,22,23
913,23,22
914,22,23
914,23,22
915,22,23
915,23,22
916,22,23
916,23,22
917,22,23
917,23,22
917,13,25
917,25,13
918,22,23
918,23,22
918,13,25
918,25,13
919,22,23
919,23,22
920,22,23
920,23,22
921,22,23
921,23,22
922,22,23
922,23,22
923,22,23
923,23,22
924,22,23
924,23,22
924,13,25
924,25,13
925,22,23
925,23,22
925,13,25
925,25,13
926,22,23
926,23,22
927,15,16
927,16,15
927,22,23
927,23,22
928,15,16
928,16,15
928,22,23
928,23,22
928,2,25
928,25,2
929,15,16
929,16,15
929,22,23
929,23,22
930,15,16
930,16,15
930,22,23
930,23,22
931,15,16
931,16,15
931,22,23
931,23,22
932,15,16
932,16,15
932,22,23
932,23,22
933,15,16
933,16,15
933,22,23
933,23,22
934,15,16
934,16,15
934,22,23
934,23,22
935,15,16
935,16,15
935,22,23
935,23,22
936,15,16
936,16,15
936,22,23
936,23,22
937,15,16
937,16,15
937,22,23
937,23,22
938,15,16
938,16,15
938,22,23
938,23,22
939,15,16
939,16,15
939,22,23
939,23,22
940,15,16
940,16,15
940,22,23
940,23,22
941,15,16
941,16,15
941,22,23
941,23,22
942,15,16
942,16,15
942,22,23
942,23,22
943,15,16
943,16,15
943,22,23
943,23,22
944,15,16
944,16,15
944,22,23
944,23,22
945,15,16
945,16,15
945,22,23
945,23,22
946,15,16
946,16,15
946,22,23
946,23,22
947,15,16
947,16,15
947,22,23
947,23,22
948,15,16
948,16,15
948,22,23
948,23,22
949,15,16
949,16,15
949,22,23
949,23,22
949,2,25
949,25,2
950,15,16
950,16,15
950,22,23
950,23,22
951,15,16
951,16,15
951,22,23
951,23,22
951,2,25
951,25,2
952,15,16
952,16,15
952,22,23
952,23,22
953,15,16
953,16,15
953,22,23
953,23,22
954,23,24
954,24,23
955,20,10
955,23,24
955,24,23
955,10,20
956,23,24
956,24,23
957,23,24
957,24,23
958,23,24
958,24,23
959,20,10
959,23,24
959,24,23
959,10,20
960,23,24
960,24,23
961,20,10
961,23,24
961,24,23
961,10,20
962,23,24
962,24,23
963,20,10
963,23,24
963,24,23
963,10,20
964,20,10
964,23,24
964,24,23
964,10,20
965,20,10
965,23,24
965,24,23
965,10,20
966,23,24
966,24,23
967,20,10
967,23,24
967,24,23
967,10,20
968,20,10
968,23,24
968,24,23
968,10,20
969,23,24
969,24,23
970,6,16
970,5,21
970,21,5
970,23,24
970,24,23
970,16,6
971,6,16
971,5,21
971,21,5
971,23,24
971,24,23
971,16,6
972,6,16
972,5,21
972,21,5
972,23,24
972,24,23
972,16,6
973,6,16
973,5,21
973,21,5
973,23,24
973,24,23
973,16,6
974,6,16
974,5,21
974,21,5
974,23,24
974,24,23
974,16,6
975,6,16
975,5,21
975,21,5
975,23,24
975,24,23
975,16,6
976,6,16
976,5,21
976,21,5
976,23,24
976,24,23
976,16,6
977,6,16
977,5,21
977,21,5
977,23,24
977,24,23
977,16,6
978,6,16
978,5,21
978,21,5
978,22,26
978,23,24
978,24,23
978,16,6
978,26,22
979,6,16
979,5,21
979,21,5
979,23,24
979,24,23
979,16,6
980,6,16
980,5,21
980,21,5
980,23,24
980,24,23
980,16,6
981,6,16
981,5,21
981,21,5
981,23,24
981,24,23
981,16,6
982,6,16
982,5,21
982,21,5
982,23,24
982,24,23
982,16,6
983,6,16
983,5,21
983,21,5
983,23,24
983,24,23
983,16,6
984,6,16
984,5,21
984,21,5
984,23,24
984,24,23
984,16,6
985,23,24
985,24,23
986,23,24
986,24,23
987,23,24
987,24,23
988,23,24
988,24,23
989,23,24
989,24,23
989,14,26
989,26,14
990,23,24
990,24,23
990,14,26
990,26,14
991,23,24
991,24,23
992,23,24
992,24,23
993,23,24
993,24,23
994,23,24
994,24,23
995,23,24
995,24,23
996,23,24
996,24,23
996,14,26
996,26,14
997,23,24
997,24,23
997,14,26
997,26,14
998,23,24
998,24,23
999,7,16
999,6,21
999,21,6
999,23,24
999,24,23
999,16,7
